<Spawns>
  <Points>
    <Name>levertargeted1</Name>
    <UniqueId>d9564211-71ac-415a-bd4a-ccef13780674</UniqueId>
    <Map>Felucca</Map>
    <X>5446</X>
    <Y>1157</Y>
    <Width>10</Width>
    <Height>10</Height>
    <CentreX>5451</CentreX>
    <CentreY>1162</CentreY>
    <CentreZ>0</CentreZ>
    <Range>5</Range>
    <MaxCount>0</MaxCount>
    <MinDelay>5</MinDelay>
    <MaxDelay>10</MaxDelay>
    <DelayInSec>False</DelayInSec>
    <Duration>0</Duration>
    <DespawnTime>0</DespawnTime>
    <ProximityRange>-1</ProximityRange>
    <ProximityTriggerSound>500</ProximityTriggerSound>
    <TriggerProbability>1</TriggerProbability>
    <InContainer>False</InContainer>
    <MinRefractory>0</MinRefractory>
    <MaxRefractory>0</MaxRefractory>
    <TODStart>0</TODStart>
    <TODEnd>0</TODEnd>
    <TODMode>0</TODMode>
    <KillReset>1</KillReset>
    <ExternalTriggering>False</ExternalTriggering>
    <SequentialSpawning>-1</SequentialSpawning>
    <AllowGhostTriggering>False</AllowGhostTriggering>
    <SpawnOnTrigger>False</SpawnOnTrigger>
    <SmartSpawning>False</SmartSpawning>
    <Team>0</Team>
    <Amount>1</Amount>
    <IsGroup>False</IsGroup>
    <IsRunning>True</IsRunning>
    <IsHomeRangeRelative>True</IsHomeRangeRelative>
    <Objects2 />
  </Points>
  <Points>
    <Name>Lever Spawner 1</Name>
    <UniqueId>8b589454-23e9-4968-9174-16b9b8b3bb03</UniqueId>
    <Map>Felucca</Map>
    <X>5451</X>
    <Y>1163</Y>
    <Width>0</Width>
    <Height>0</Height>
    <CentreX>5451</CentreX>
    <CentreY>1163</CentreY>
    <CentreZ>0</CentreZ>
    <Range>5</Range>
    <MaxCount>1</MaxCount>
    <MinDelay>5</MinDelay>
    <MaxDelay>10</MaxDelay>
    <DelayInSec>False</DelayInSec>
    <Duration>0</Duration>
    <DespawnTime>0</DespawnTime>
    <ProximityRange>-1</ProximityRange>
    <ProximityTriggerSound>500</ProximityTriggerSound>
    <TriggerProbability>1</TriggerProbability>
    <InContainer>False</InContainer>
    <MinRefractory>0</MinRefractory>
    <MaxRefractory>0</MaxRefractory>
    <TODStart>0</TODStart>
    <TODEnd>0</TODEnd>
    <TODMode>0</TODMode>
    <KillReset>1</KillReset>
    <ExternalTriggering>False</ExternalTriggering>
    <SequentialSpawning>-1</SequentialSpawning>
    <AllowGhostTriggering>False</AllowGhostTriggering>
    <SpawnOnTrigger>False</SpawnOnTrigger>
    <SmartSpawning>False</SmartSpawning>
    <Team>0</Team>
    <Amount>1</Amount>
    <IsGroup>False</IsGroup>
    <IsRunning>True</IsRunning>
    <IsHomeRangeRelative>True</IsHomeRangeRelative>
    <Objects2>simplelever/target0item/GET,levertargeted1,xmlspawner,serial/target1item/GET,levertargeted1,xmlspawner,serial:MX=1:SB=0:RT=0:TO=0:KL=0:RK=0:CA=1:DN=-1:DX=-1:SP=1</Objects2>
  </Points>
</Spawns>